{
  "budget": {
    "budgetary_impact": 1016779514.4976325,
    "households": 1408225.024815682,
    "kicker_rate": 0.09863
  },
  "decile": {
    "average": {
      "1": 10.915402711882539,
      "2": 40.89120881858048,
      "3": 86.79357828666747,
      "4": 127.72148924890388,
      "5": 213.09444960804655,
      "6": 322.95343157234873,
      "7": 461.1295026158431,
      "8": 695.7635899435102,
      "9": 1076.5006955576162,
      "10": 6596.931329168052
    },
    "relative": {
      "1": 0.0013640959516670386,
      "2": 0.0018844166306481798,
      "3": 0.002679547721636616,
      "4": 0.003001196621309371,
      "5": 0.004046818962794093,
      "6": 0.005115732454542427,
      "7": 0.006077379043979818,
      "8": 0.0072214808621775045,
      "9": 0.007868340116523913,
      "10": 0.009430130280389961
    }
  },
  "intra_decile": {
    "all": {
      "lose_more_than_5pct": 0.0,
      "lose_less_than_5pct": 1.380710626278108e-06,
      "no_change": 0.2559967370075956,
      "gain_less_than_5pct": 0.7429449879993901,
      "gain_more_than_5pct": 0.0010568942823878655
    },
    "deciles": {
      "lose_more_than_5pct": [
        0.0,
        0.0,
        0.0,
        0.0,
        0.0,
        0.0,
        0.0,
        0.0,
        0.0,
        0.0
      ],
      "lose_less_than_5pct": [
        0.0,
        6.120969638090305e-07,
        4.294799893467401e-06,
        0.0,
        8.082192313892695e-07,
        0.0,
        0.0,
        0.0,
        5.312551572842944e-06,
        2.7794386012724365e-06
      ],
      "no_change": [
        0.8064258634117094,
        0.5805301971178748,
        0.38862738042356393,
        0.3473577864795836,
        0.21448197303778527,
        0.1511344730219827,
        0.058903874036100506,
        0.0024422713015820174,
        8.087980520021915e-06,
        0.010055463265254956
      ],
      "gain_less_than_5pct": [
        0.1897292778598884,
        0.41769442820314534,
        0.6113682784642014,
        0.6477122192503771,
        0.7855172187429833,
        0.8488655269780173,
        0.9410961259638995,
        0.997557728698418,
        0.9999689746785063,
        0.9899401011544648
      ],
      "gain_more_than_5pct": [
        0.0038448587284022275,
        0.0017747625820160968,
        4.6312341317027926e-08,
        0.004929994270039221,
        0.0,
        0.0,
        0.0,
        0.0,
        1.7624789400855887e-05,
        1.6561416789368185e-06
      ]
    }
  },
  "total_cost": 1016779514.4976325,
  "beneficiaries": 969324.5693850776,
  "avg_benefit": 1051.9888916015625,
  "winners": 966527.4570332502,
  "losers": 1.6303008482791483,
  "winners_rate": 68.63444691019859,
  "losers_rate": 0.00011576991031618209,
  "poverty": {
    "poverty": {
      "all": {
        "baseline": 34.991946992359885,
        "reform": 34.78913073286016
      },
      "child": {
        "baseline": 23.4125919342041,
        "reform": 23.157867431640625
      }
    },
    "deep_poverty": {
      "all": {
        "baseline": 14.892613553142203,
        "reform": 14.834656836037563
      },
      "child": {
        "baseline": 6.47815465927124,
        "reform": 6.470669746398926
      }
    }
  },
  "by_income_bracket": [
    {
      "bracket": "Under $50k",
      "beneficiaries": 428067.53125,
      "total_cost": 50029776.0,
      "avg_benefit": 116.8735580444336
    },
    {
      "bracket": "$50k-$100k",
      "beneficiaries": 279156.5625,
      "total_cost": 126807680.0,
      "avg_benefit": 454.2528991699219
    },
    {
      "bracket": "$100k-$200k",
      "beneficiaries": 156941.375,
      "total_cost": 148417440.0,
      "avg_benefit": 945.6871337890625
    },
    {
      "bracket": "$200k-$500k",
      "beneficiaries": 74037.21875,
      "total_cost": 170892864.0,
      "avg_benefit": 2308.2021484375
    },
    {
      "bracket": "$500k-$1M",
      "beneficiaries": 8739.26953125,
      "total_cost": 46434784.0,
      "avg_benefit": 5313.3486328125
    },
    {
      "bracket": "$1M-$2M",
      "beneficiaries": 2134.334228515625,
      "total_cost": 24543972.0,
      "avg_benefit": 11499.591796875
    },
    {
      "bracket": "Over $2M",
      "beneficiaries": 13746.0234375,
      "total_cost": 449157536.0,
      "avg_benefit": 32675.453125
    }
  ]
}