{
  "budget": {
    "budgetary_impact": 1101796980.657555,
    "households": 1421300.1884067073,
    "kicker_rate": 0.09863
  },
  "decile": {
    "average": {
      "1": 12.402648024789524,
      "2": 54.77537630697091,
      "3": 92.14089563018148,
      "4": 129.93487400029605,
      "5": 223.15746374709155,
      "6": 356.0260284098156,
      "7": 490.34681108559937,
      "8": 746.7041273986915,
      "9": 1154.9622800262878,
      "10": 7101.122511073485
    },
    "relative": {
      "1": 0.0014706927404431842,
      "2": 0.0024379885993841047,
      "3": 0.0027579037188764895,
      "4": 0.002956641243277974,
      "5": 0.004089252743055794,
      "6": 0.005422870293002544,
      "7": 0.006213005234040396,
      "8": 0.007410533595890786,
      "9": 0.008045019854737243,
      "10": 0.00957681499438098
    }
  },
  "intra_decile": {
    "all": {
      "lose_more_than_5pct": 0.0,
      "lose_less_than_5pct": 6.05605578374129e-06,
      "no_change": 0.24849634368501222,
      "gain_less_than_5pct": 0.748227960094385,
      "gain_more_than_5pct": 0.0032696401648190446
    },
    "deciles": {
      "lose_more_than_5pct": [
        0.0,
        0.0,
        0.0,
        0.0,
        0.0,
        0.0,
        0.0,
        0.0,
        0.0,
        0.0
      ],
      "lose_less_than_5pct": [
        0.0,
        0.0,
        4.415313705393003e-07,
        0.0,
        1.6956515449606005e-06,
        2.2149816967686723e-06,
        0.0,
        5.090360479355776e-05,
        5.304788431586567e-06,
        0.0
      ],
      "no_change": [
        0.7925337266072268,
        0.5605261300590892,
        0.3787207114415071,
        0.33724771611869026,
        0.21159959562744035,
        0.14068149014914702,
        0.051755555368152614,
        0.0018290796084370043,
        8.076161597194166e-06,
        0.010061355708834695
      ],
      "gain_less_than_5pct": [
        0.20100192301520386,
        0.41418304819685137,
        0.6203553846186091,
        0.6627522376397574,
        0.7883987087210147,
        0.8593162948691562,
        0.9482444446318474,
        0.9981200167867694,
        0.9999866190499712,
        0.9899209234146693
      ],
      "gain_more_than_5pct": [
        0.006464350377569341,
        0.025290821744059434,
        0.0009234624085133596,
        4.624155231549474e-08,
        0.0,
        0.0,
        0.0,
        0.0,
        0.0,
        1.7720876495994057e-05
      ]
    }
  },
  "total_cost": 1101796980.657555,
  "beneficiaries": 985600.5110315292,
  "avg_benefit": 1119.6964111328125,
  "winners": 984008.5855391959,
  "losers": 4.79014229029417,
  "winners_rate": 69.23298776469453,
  "losers_rate": 0.000337025375031011,
  "poverty": {
    "poverty": {
      "all": {
        "baseline": 35.23685930369055,
        "reform": 35.08420493957484
      },
      "child": {
        "baseline": 24.173412322998047,
        "reform": 24.00840950012207
      }
    },
    "deep_poverty": {
      "all": {
        "baseline": 14.746274100223673,
        "reform": 14.709656632083066
      },
      "child": {
        "baseline": 6.451436996459961,
        "reform": 6.422110080718994
      }
    }
  },
  "by_income_bracket": [
    {
      "bracket": "Under $50k",
      "beneficiaries": 431046.75,
      "total_cost": 51169260.0,
      "avg_benefit": 118.70930480957031
    },
    {
      "bracket": "$50k-$100k",
      "beneficiaries": 277799.0625,
      "total_cost": 129491720.0,
      "avg_benefit": 466.13446044921875
    },
    {
      "bracket": "$100k-$200k",
      "beneficiaries": 167509.90625,
      "total_cost": 162432832.0,
      "avg_benefit": 969.69091796875
    },
    {
      "bracket": "$200k-$500k",
      "beneficiaries": 73982.765625,
      "total_cost": 169409600.0,
      "avg_benefit": 2289.852294921875
    },
    {
      "bracket": "$500k-$1M",
      "beneficiaries": 14103.107421875,
      "total_cost": 73596712.0,
      "avg_benefit": 5218.47509765625
    },
    {
      "bracket": "$1M-$2M",
      "beneficiaries": 2487.12255859375,
      "total_cost": 29436854.0,
      "avg_benefit": 11835.70703125
    },
    {
      "bracket": "Over $2M",
      "beneficiaries": 13929.173828125,
      "total_cost": 485793632.0,
      "avg_benefit": 34875.984375
    }
  ]
}