{
  "budget": {
    "budgetary_impact": 1527251301.354981,
    "households": 1644057.3376352754,
    "kicker_rate": 0.09863
  },
  "decile": {
    "average": {
      "1": 26.149684358728724,
      "2": 83.9196734517722,
      "3": 182.12113084237544,
      "4": 263.52910275030473,
      "5": 389.9963945326147,
      "6": 551.1672219633581,
      "7": 719.492106895225,
      "8": 1011.9578512199914,
      "9": 1446.0156738128317,
      "10": 6016.916446927947
    },
    "relative": {
      "1": 0.0020751012314524342,
      "2": 0.0027924675908927855,
      "3": 0.004172419110664167,
      "4": 0.0046989832694932215,
      "5": 0.005578864494752084,
      "6": 0.006423497767666492,
      "7": 0.0068548168131978586,
      "8": 0.007653820341320681,
      "9": 0.008216724979880238,
      "10": 0.007794891072673418
    }
  },
  "intra_decile": {
    "all": {
      "lose_more_than_5pct": 0.0,
      "lose_less_than_5pct": 0.0017206650704015569,
      "no_change": 0.16432879895010874,
      "gain_less_than_5pct": 0.8328316351378368,
      "gain_more_than_5pct": 0.0011189008416528931
    },
    "deciles": {
      "lose_more_than_5pct": [
        0.0,
        0.0,
        0.0,
        0.0,
        0.0,
        0.0,
        0.0,
        0.0,
        0.0,
        0.0
      ],
      "lose_less_than_5pct": [
        0.0,
        0.0,
        0.0,
        1.6477839135285366e-06,
        7.221370437383604e-07,
        0.00430495476805085,
        0.00410692764737953,
        0.00443082431757898,
        0.00436157405004894,
        0.0
      ],
      "no_change": [
        0.6255948304862525,
        0.3957366577837529,
        0.2165496578490745,
        0.16548124948142742,
        0.1228490584130585,
        0.03889737814135291,
        0.016543471877264727,
        0.0018121361317501165,
        0.007397856316803765,
        0.05242569302035023
      ],
      "gain_less_than_5pct": [
        0.3670234668182404,
        0.6042633422162471,
        0.7827858506931076,
        0.8345171027346591,
        0.8754860275961663,
        0.9554485434623928,
        0.9793496004753558,
        0.9936339969655089,
        0.9882405696331473,
        0.9475678507835428
      ],
      "gain_more_than_5pct": [
        0.007381702695507152,
        0.0,
        0.000664491457817906,
        0.0,
        0.0016641918537314618,
        0.0013491236282034086,
        0.0,
        0.0001230425851619713,
        0.0,
        6.456196107032655e-06
      ]
    }
  },
  "total_cost": 1527251301.354981,
  "beneficiaries": 1386006.2150670756,
  "avg_benefit": 1103.1192626953125,
  "winners": 1382551.9848662224,
  "losers": 1930.956342799589,
  "winners_rate": 84.09390312717508,
  "losers_rate": 0.11745066906103006,
  "poverty": {
    "poverty": {
      "all": {
        "baseline": 23.907467118334065,
        "reform": 23.673111543871695
      },
      "child": {
        "baseline": 27.92915153503418,
        "reform": 27.650428771972656
      }
    },
    "deep_poverty": {
      "all": {
        "baseline": 8.806652598179495,
        "reform": 8.77084419565081
      },
      "child": {
        "baseline": 7.584325790405273,
        "reform": 7.549053192138672
      }
    }
  },
  "by_income_bracket": [
    {
      "bracket": "Under $50k",
      "beneficiaries": 430431.5625,
      "total_cost": 54246932.0,
      "avg_benefit": 126.02916717529297
    },
    {
      "bracket": "$50k-$100k",
      "beneficiaries": 382439.75,
      "total_cost": 168638336.0,
      "avg_benefit": 440.9540100097656
    },
    {
      "bracket": "$100k-$200k",
      "beneficiaries": 365917.75,
      "total_cost": 340968736.0,
      "avg_benefit": 931.8179931640625
    },
    {
      "bracket": "$200k-$500k",
      "beneficiaries": 164071.765625,
      "total_cost": 347971328.0,
      "avg_benefit": 2120.848388671875
    },
    {
      "bracket": "$500k-$1M",
      "beneficiaries": 21664.22265625,
      "total_cost": 115143992.0,
      "avg_benefit": 5314.9375
    },
    {
      "bracket": "$1M-$2M",
      "beneficiaries": 11258.6064453125,
      "total_cost": 134492160.0,
      "avg_benefit": 11945.7197265625
    },
    {
      "bracket": "Over $2M",
      "beneficiaries": 4492.009765625,
      "total_cost": 365062784.0,
      "avg_benefit": 81269.3671875
    }
  ]
}