decile,total_change_billions,avg_change_per_hh,households_millions
1,0.00232,12.4,0.187
2,0.010797,54.78,0.197
3,0.015994,92.14,0.174
4,0.021655,129.93,0.167
5,0.031404,223.16,0.141
6,0.045777,356.03,0.129
7,0.049882,490.35,0.102
8,0.067393,746.7,0.09
9,0.101749,1154.96,0.088
10,0.744553,7101.12,0.105
